
{
  "Description":"Create Lambda function to query a database and the API Gateway REST API to invoke the function",

  "Parameters": {

     "PEndpoint": {
        "Description": "Lambda Environment Variable: ENDPOINT",
        "Default":"None",
        "Type": "String"
     },
     "PPort": {
        "Description": "Lambda Environment Variable: PORT",
        "Default":"None",
        "Type": "String"
     },
     "PDatabase": {
        "Description": "Lambda Environment Variable: DATABASE",
        "Default":"None",
        "Type": "String"
     },
     "PDbUser": {
        "Description": "Lambda Environment Variable: DBUSER",
        "Default":"None",
        "Type": "String"
     },
     "PDbPassword": {
        "Description": "Lambda Environment Variable: DBPASSWORD",
        "Default":"None",
        "Type": "String",
        "NoEcho": "true"
     },
     "PS3Bucket": {
        "Description": "Lambda S3Bucket Value",
        "Default":"None",
        "Type": "String"
     },
     "PSubnetIds": {
        "Description": "Lambda SubnetIds Value",
        "Default":"None",
        "Type": "String"
     },
     "PSecurityGroupIds": {
        "Description": "Lambda SecurityGroupIds Value",
        "Default":"None",
        "Type": "String"
     }
  },

  "Resources": {

    "LambdaVPCExecutionRole": {
      "Description": "Assumable role allows Lambda to create ENIs and access VPC",
      "Type": "AWS::IAM::Role",
      "Properties": {
        "AssumeRolePolicyDocument": {
          "Version": "2012-10-17",
          "Statement": [
            {
              "Effect": "Allow",
              "Principal": {
                "Service": [
                  "lambda.amazonaws.com"
                ]
              },
              "Action": [
                "sts:AssumeRole"
              ]
            }
          ]
        },
        "ManagedPolicyArns": [
          "arn:aws:iam::aws:policy/service-role/AWSLambdaVPCAccessExecutionRole"
        ],
        "RoleName":"lambda-vpc-execution-role"
      }
    },

   "GetTopArtistsQueryLambdaFunction": {
       "Description": "Create Lambda function using code from S3 bucket",
       "Type": "AWS::Lambda::Function",
       "Properties": {
          "FunctionName": "GetTopArtistsQuery",
          "Handler": "get-top-artists.handler",
          "Role": {"Fn::GetAtt": ["LambdaVPCExecutionRole", "Arn"]},
          "Code": {
             "S3Bucket": {"Ref": "PS3Bucket"},
             "S3Key": "serverless-query.zip"
          },
          "Runtime": "python3.11",
          "VpcConfig": {
             "SubnetIds":[{"Ref": "PSubnetIds"}],
             "SecurityGroupIds":[{"Ref": "PSecurityGroupIds"}]
          },
          "Environment":{
             "Variables":{
                "ENDPOINT": {"Ref": "PEndpoint"},
                "PORT": {"Ref": "PPort"},
                "DATABASE": {"Ref": "PDatabase"},
                "DBUSER": {"Ref": "PDbUser"},
                "DBPASSWORD": {"Ref": "PDbPassword"}
             }
          }
       }
    },

     "ApiGatewayCloudwatchRole": {
        "Description": "Allow API Gateway to publish to CloudWatch logs",
        "Type": "AWS::IAM::Role",
        "Properties": {
           "AssumeRolePolicyDocument": {
              "Version": "2012-10-17",
              "Statement": [{
                "Effect": "Allow",
                "Principal": { "Service": [ "apigateway.amazonaws.com" ] },
                "Action": "sts:AssumeRole"
              }]
            },
            "Path": "/",
            "ManagedPolicyArns": [ "arn:aws:iam::aws:policy/service-role/AmazonApiGatewayPushToCloudWatchLogs"],
            "RoleName":"apigateway-cloudwatch-role"
        }
    },

    "ApiGatewayAccount": {
       "Description": "Pass CloudWatch role to API Gateway Account",
       "Type": "AWS::ApiGateway::Account",
       "Properties": {
          "CloudWatchRoleArn": { "Fn::GetAtt": ["ApiGatewayCloudwatchRole", "Arn"] }
       }
    },

     "GetTopArtistsQueryApi": {
        "Description": "Create API Gateway REST API",
        "Type" : "AWS::ApiGateway::RestApi",
        "Properties" : {
           "Name" : "GetTopArtistsQueryApi"
        }
     },

     "GetTopArtistsQueryApiResource": {
        "Description": "Create GetTopArtistsQueryApi Resource",
        "Type" : "AWS::ApiGateway::Resource",
        "Properties" : {
                "RestApiId" : {"Ref": "GetTopArtistsQueryApi"},
                "ParentId" : {"Fn::GetAtt": ["GetTopArtistsQueryApi", "RootResourceId"]},
                "PathPart" : "query1"
        }
     },

     "LambdaInvokePermission": {
        "Description": "Grant GetTopArtistsQueryApi Permission to Invoke GetTopArtists Lambda function",
        "Type": "AWS::Lambda::Permission",
        "Properties": {
           "FunctionName": {"Fn::GetAtt":["GetTopArtistsQueryLambdaFunction", "Arn"]},
           "Action": "lambda:invokeFunction",
           "Principal": "apigateway.amazonaws.com",
           "SourceArn": {"Fn::Join": ["",
                ["arn:aws:execute-api:", {"Ref": "AWS::Region"}, ":", {"Ref": "AWS::AccountId"}, ":", {"Ref": "GetTopArtistsQueryApi"}, "/*"]
           ]}
        }
     },

     "GetTopArtistsQueryApiMethod": {
         "Description": "Create GetTopArtistsQueryApiResource Method",
         "DependsOn": "LambdaInvokePermission",
         "Type": "AWS::ApiGateway::Method",
         "Properties": {
            "AuthorizationType": "NONE",
            "HttpMethod": "GET",
            "Integration": {
               "Type": "AWS_PROXY",
               "IntegrationHttpMethod": "POST",
               "Uri": {"Fn::Join" : ["",
                  ["arn:aws:apigateway:", {"Ref": "AWS::Region"}, ":lambda:path/2015-03-31/functions/",{"Fn::GetAtt":["GetTopArtistsQueryLambdaFunction", "Arn"]}, "/invocations"]
                ]},
               "IntegrationResponses": [{
                "StatusCode": 200
               }]
            },
            "ResourceId": {"Ref": "GetTopArtistsQueryApiResource"},
            "RestApiId": {"Ref": "GetTopArtistsQueryApi"},
            "MethodResponses": [{ "StatusCode": 200 }]
         }
     },

     "GetTopArtistsQueryApiDeploy": {
        "Description": "Deploy GetTopArtistsQueryApi",
        "Type": "AWS::ApiGateway::Deployment",
        "DependsOn": "GetTopArtistsQueryApiMethod",
        "Properties": {
           "RestApiId": {"Ref": "GetTopArtistsQueryApi"},
           "StageName": "test"
        }
     }
   }
}

